{
  "name": "Vaadin Element",
  "pages": [
  {
    "name": "Basics",
    "url": "element-basic-demos",
    "src": "element-basic-demos.html",
    "meta": {
      "title": "Vaadin Login Basics",
      "description": "",
      "image": ""
     }
  },
  {
    "name": "I18n",
    "url": "i18n-demos",
    "src": "i18n-demos.html",
    "meta": {
      "title": "Vaadin Login Internationalization",
      "description": "",
      "image": ""
     }
  },
  {
    "name": "Advanced",
    "url": "advanced-demos",
    "src": "advanced-demos.html",
    "meta": {
      "title": "Vaadin Login Advanced Examples",
      "description": "",
      "image": ""
     }
  }
  ]
}
